{
  "lang":"en",
  "name":"pipeline",
  "version":"0.0.0",
  "spacy_version":">=3.7.5,<3.8.0",
  "description":"",
  "author":"",
  "email":"",
  "url":"",
  "license":"",
  "spacy_git_version":"a6d0fc360",
  "vectors":{
    "width":0,
    "vectors":0,
    "keys":0,
    "name":null,
    "mode":"default"
  },
  "labels":{
    "transformer":[

    ],
    "ner":[
      "B -SOCIAL",
      "B-DES",
      "B-EMAIL",
      "B-G",
      "B-GEO",
      "B-NAME",
      "B-ORG",
      "B-PHO",
      "B-PHONE",
      "B-PIN",
      "B-SOCIAL",
      "I-DES",
      "I-EMAIL",
      "I-GEO",
      "I-NAME",
      "I-ORG",
      "I-PHONE",
      "I-PI",
      "I-PIN",
      "I-SOCIAL",
      "ONE",
      "OO",
      "V"
    ]
  },
  "pipeline":[
    "transformer",
    "ner"
  ],
  "components":[
    "transformer",
    "ner"
  ],
  "disabled":[

  ],
  "performance":{
    "ents_f":0.9823623007,
    "ents_p":0.9817308343,
    "ents_r":0.9829945799,
    "ents_per_type":{
      "B-NAME":{
        "p":0.985046729,
        "r":0.9868913858,
        "f":0.9859681946
      },
      "I-NAME":{
        "p":0.977443609,
        "r":0.9923664122,
        "f":0.9848484848
      },
      "B-DES":{
        "p":0.9789915966,
        "r":0.9708333333,
        "f":0.9748953975
      },
      "B-ORG":{
        "p":0.9673321234,
        "r":0.9638336347,
        "f":0.9655797101
      },
      "I-ORG":{
        "p":0.9488428745,
        "r":0.9713216958,
        "f":0.9599507086
      },
      "B-GEO":{
        "p":0.9480737018,
        "r":0.9576988156,
        "f":0.9528619529
      },
      "I-GEO":{
        "p":0.9927052939,
        "r":0.9814547702,
        "f":0.9870479743
      },
      "B-PHONE":{
        "p":0.9904122723,
        "r":0.9885167464,
        "f":0.9894636015
      },
      "I-PHONE":{
        "p":0.9919950739,
        "r":0.9981412639,
        "f":0.9950586782
      },
      "B-PIN":{
        "p":0.9881516588,
        "r":0.9952267303,
        "f":0.9916765755
      },
      "I-PI":{
        "p":1.0,
        "r":0.7,
        "f":0.8235294118
      },
      "B-EMAIL":{
        "p":0.9894291755,
        "r":0.9936305732,
        "f":0.9915254237
      },
      "I-DES":{
        "p":0.9831104856,
        "r":0.9900779589,
        "f":0.9865819209
      },
      "B-SOCIAL":{
        "p":0.9818181818,
        "r":0.989010989,
        "f":0.9854014599
      },
      "I-PIN":{
        "p":0.9732142857,
        "r":1.0,
        "f":0.9864253394
      },
      "ONE":{
        "p":1.0,
        "r":1.0,
        "f":1.0
      },
      "V":{
        "p":1.0,
        "r":1.0,
        "f":1.0
      },
      "I-EMAIL":{
        "p":0.9375,
        "r":0.8823529412,
        "f":0.9090909091
      },
      "I-SOCIAL":{
        "p":1.0,
        "r":1.0,
        "f":1.0
      },
      "B-G":{
        "p":1.0,
        "r":1.0,
        "f":1.0
      },
      "P":{
        "p":0.0,
        "r":0.0,
        "f":0.0
      },
      "O-NA":{
        "p":0.0,
        "r":0.0,
        "f":0.0
      }
    },
    "transformer_loss":75.0424339773,
    "ner_loss":76.0867629851
  }
}